Stations,Time_ms,Error,Location_X,Location_Y
25,0.003,0.626444,37.0097,-119.473
50,0.0134,0.349144,36.9773,-119.602
100,0.0176,0.771794,36.9904,-119.489
200,0.0394,0.530464,36.9846,-119.479
500,0.0996,0.750428,36.9989,-119.48
1000,0.2762,0.580912,36.9998,-119.514
1500,0.3162,0.785266,36.9967,-119.493
2000,0.5574,0.786652,37.0053,-119.499
